{
    "cancer": "BRCA",
    "seeds": 20,
    "mean_test_bacc": 0.8113001782531194,
    "std_test_bacc": 0.06102359958995384,
    "mean_test_f1": 0.8050752360703106,
    "std_test_f1": 0.05876667769327812,
    "seed_test_baccs": [
        0.8338787878787878,
        0.7511515151515151,
        0.8344848484848486,
        0.903144385026738,
        0.8535151515151516,
        0.8139857397504455,
        0.7534545454545454,
        0.9004848484848486,
        0.7740463458110517,
        0.9359928698752228,
        0.7679393939393939,
        0.7498181818181818,
        0.7437504456327986,
        0.9077575757575758,
        0.7178181818181819,
        0.8222424242424242,
        0.8004848484848486,
        0.7813868092691623,
        0.8135151515151515,
        0.7671515151515151
    ],
    "seed_test_f1s": [
        0.8373626373626373,
        0.7487719298245613,
        0.8223879758393032,
        0.8110244141823089,
        0.8764244764244763,
        0.8107323232323231,
        0.7478804855275444,
        0.9019488876631734,
        0.7435552288382478,
        0.9343307286703514,
        0.7400442854709589,
        0.7689458689458688,
        0.7593696938234753,
        0.9102405687169058,
        0.7351801801801802,
        0.798637211844759,
        0.8034140891283748,
        0.7547181803703543,
        0.7958709355301753,
        0.800664619830233
    ]
}