{
    "cancer": "BRCA",
    "seeds": 20,
    "mean_test_bacc": 0.6119682709447416,
    "std_test_bacc": 0.065311549087503,
    "mean_test_f1": 0.5777672763523832,
    "std_test_f1": 0.07896333904315847,
    "seed_test_baccs": [
        0.7228948306595365,
        0.6421212121212122,
        0.6665989304812834,
        0.5679251336898397,
        0.6327272727272728,
        0.6847201426024956,
        0.5013868092691622,
        0.7048342245989305,
        0.6290909090909091,
        0.6034474153297682,
        0.6600534759358289,
        0.4747878787878788,
        0.6031907308377896,
        0.6846595365418895,
        0.5494545454545455,
        0.6092655971479501,
        0.6303565062388591,
        0.5748270944741533,
        0.5536969696969697,
        0.5433262032085562
    ],
    "seed_test_f1s": [
        0.7005968077723803,
        0.6337667750270901,
        0.6155080213903743,
        0.579558492688414,
        0.6620848595848596,
        0.6307464757464757,
        0.5059703368526898,
        0.6850784288306976,
        0.6592099567099567,
        0.5228351406569228,
        0.6460227272727272,
        0.4880781320161652,
        0.4909882532247871,
        0.6803472534051789,
        0.4420634920634921,
        0.5513238981682179,
        0.5556188066624499,
        0.48445082930651695,
        0.4917049617049617,
        0.5293918779633064
    ],
    "config": {
        "threshold": 0.005,
        "snf_metric": "sqeuclidean",
        "snf_k": 20,
        "snf_mu": 0.5,
        "epochs": 150,
        "hidden": 64,
        "dropout": 0.5,
        "lr": 0.001,
        "weight_decay": 0.01,
        "patience": 20,
        "optuna_trials": 0,
        "standardize_rna": true,
        "feature_zscore": false,
        "feature_space": "concat([RNA,CNV,MET])",
        "adjacency": "SNF->threshold->exist(0/1)->row_norm(D^{-1}A)"
    }
}