{
  "cancer": "BRCA",
  "comb": "cnv",
  "seeds": 20,
  "mean_test_f1": 0.6092653534568013,
  "std_test_f1": 0.03761044965035936,
  "mean_test_bacc": 0.6897547237076649,
  "std_test_bacc": 0.04804314009216888,
  "seed_test_f1s": [
    0.5735694277711085,
    0.5792863111227186,
    0.5823773720014321,
    0.5822012138188609,
    0.6854207037482573,
    0.5716298915605846,
    0.5569564181948083,
    0.6487164502164502,
    0.5940658144160266,
    0.6659667046291953,
    0.6297662269818467,
    0.5908446562704684,
    0.5953198929408938,
    0.6550587507730364,
    0.6131448695983248,
    0.6214426099613295,
    0.6119286195881941,
    0.5450208470484968,
    0.6536862101162304,
    0.6289040783777625
  ],
  "seed_test_baccs": [
    0.6612513368983957,
    0.7106524064171122,
    0.6895329768270945,
    0.6834866310160428,
    0.7927130124777182,
    0.6396827094474153,
    0.5991372549019608,
    0.7204563279857397,
    0.6682745098039216,
    0.7620392156862745,
    0.7082745098039215,
    0.6710837789661319,
    0.6743422459893048,
    0.7431229946524065,
    0.7042281639928698,
    0.6558716577540107,
    0.6375008912655972,
    0.6233048128342246,
    0.7578645276292335,
    0.6922745098039216
  ],
  "best_params_history": [
    {
      "seed": 0,
      "params": {
        "top_k": 4,
        "gate_hidden_dim": 63,
        "expert_hidden_dim": 16,
        "expert_out_dim": 16,
        "expert_dropout": 0.4016836041883739,
        "cls_hidden_dim": 29,
        "lr": 0.00039338055272105553,
        "weight_decay": 0.000863944666236952
      },
      "val_f1": 0.774052614052614
    },
    {
      "seed": 1,
      "params": {
        "top_k": 4,
        "gate_hidden_dim": 68,
        "expert_hidden_dim": 35,
        "expert_out_dim": 36,
        "expert_dropout": 0.5134753855220902,
        "cls_hidden_dim": 24,
        "lr": 0.00016537965214068559,
        "weight_decay": 0.0003779606697783817
      },
      "val_f1": 0.7636837000666787
    },
    {
      "seed": 2,
      "params": {
        "top_k": 3,
        "gate_hidden_dim": 71,
        "expert_hidden_dim": 47,
        "expert_out_dim": 50,
        "expert_dropout": 0.45553189981354564,
        "cls_hidden_dim": 21,
        "lr": 0.0004385601776901698,
        "weight_decay": 0.005229659290381203
      },
      "val_f1": 0.7052735696571313
    },
    {
      "seed": 3,
      "params": {
        "top_k": 4,
        "gate_hidden_dim": 74,
        "expert_hidden_dim": 64,
        "expert_out_dim": 29,
        "expert_dropout": 0.4935351223633184,
        "cls_hidden_dim": 25,
        "lr": 0.0008972311534131241,
        "weight_decay": 0.0015362434626259068
      },
      "val_f1": 0.6798335269066976
    },
    {
      "seed": 4,
      "params": {
        "top_k": 3,
        "gate_hidden_dim": 128,
        "expert_hidden_dim": 16,
        "expert_out_dim": 17,
        "expert_dropout": 0.49420601151754867,
        "cls_hidden_dim": 32,
        "lr": 0.0008961250421068618,
        "weight_decay": 0.0012797297901578652
      },
      "val_f1": 0.6665218541878004
    },
    {
      "seed": 5,
      "params": {
        "top_k": 4,
        "gate_hidden_dim": 126,
        "expert_hidden_dim": 61,
        "expert_out_dim": 33,
        "expert_dropout": 0.5881950684315213,
        "cls_hidden_dim": 17,
        "lr": 0.0009864700417192421,
        "weight_decay": 0.0007433896838295141
      },
      "val_f1": 0.6668921752565942
    },
    {
      "seed": 6,
      "params": {
        "top_k": 4,
        "gate_hidden_dim": 96,
        "expert_hidden_dim": 34,
        "expert_out_dim": 29,
        "expert_dropout": 0.37305592899348283,
        "cls_hidden_dim": 23,
        "lr": 0.0005160296615907598,
        "weight_decay": 0.0004505618489963429
      },
      "val_f1": 0.7131116497500379
    },
    {
      "seed": 7,
      "params": {
        "top_k": 5,
        "gate_hidden_dim": 67,
        "expert_hidden_dim": 31,
        "expert_out_dim": 40,
        "expert_dropout": 0.3682344930132506,
        "cls_hidden_dim": 25,
        "lr": 0.00027084296456469296,
        "weight_decay": 0.000952652978845656
      },
      "val_f1": 0.5434735093271679
    },
    {
      "seed": 8,
      "params": {
        "top_k": 4,
        "gate_hidden_dim": 33,
        "expert_hidden_dim": 63,
        "expert_out_dim": 16,
        "expert_dropout": 0.472355562361264,
        "cls_hidden_dim": 32,
        "lr": 0.0008984062987204019,
        "weight_decay": 0.009970820810742432
      },
      "val_f1": 0.7886985355070462
    },
    {
      "seed": 9,
      "params": {
        "top_k": 1,
        "gate_hidden_dim": 69,
        "expert_hidden_dim": 23,
        "expert_out_dim": 49,
        "expert_dropout": 0.38492828271715335,
        "cls_hidden_dim": 20,
        "lr": 0.0009307288463328927,
        "weight_decay": 0.0016551445607110534
      },
      "val_f1": 0.724837010379179
    },
    {
      "seed": 10,
      "params": {
        "top_k": 5,
        "gate_hidden_dim": 94,
        "expert_hidden_dim": 61,
        "expert_out_dim": 23,
        "expert_dropout": 0.30568999499468436,
        "cls_hidden_dim": 19,
        "lr": 0.0008387402817930963,
        "weight_decay": 0.0016489423148106984
      },
      "val_f1": 0.6517232121883285
    },
    {
      "seed": 11,
      "params": {
        "top_k": 3,
        "gate_hidden_dim": 96,
        "expert_hidden_dim": 55,
        "expert_out_dim": 52,
        "expert_dropout": 0.3330771066639971,
        "cls_hidden_dim": 21,
        "lr": 0.0002537600507113782,
        "weight_decay": 0.00037950847060982853
      },
      "val_f1": 0.7988615216201422
    },
    {
      "seed": 12,
      "params": {
        "top_k": 3,
        "gate_hidden_dim": 101,
        "expert_hidden_dim": 21,
        "expert_out_dim": 37,
        "expert_dropout": 0.3764466390179654,
        "cls_hidden_dim": 25,
        "lr": 0.0006458329269613593,
        "weight_decay": 0.0004790298835632295
      },
      "val_f1": 0.7400364298724954
    },
    {
      "seed": 13,
      "params": {
        "top_k": 5,
        "gate_hidden_dim": 77,
        "expert_hidden_dim": 63,
        "expert_out_dim": 38,
        "expert_dropout": 0.5462481847197121,
        "cls_hidden_dim": 19,
        "lr": 0.0006083773655854509,
        "weight_decay": 0.00013777269192802668
      },
      "val_f1": 0.6268354430379747
    },
    {
      "seed": 14,
      "params": {
        "top_k": 5,
        "gate_hidden_dim": 58,
        "expert_hidden_dim": 24,
        "expert_out_dim": 17,
        "expert_dropout": 0.50483493237771,
        "cls_hidden_dim": 23,
        "lr": 0.0008671951133979784,
        "weight_decay": 0.001149857184262003
      },
      "val_f1": 0.7343974358974359
    },
    {
      "seed": 15,
      "params": {
        "top_k": 2,
        "gate_hidden_dim": 100,
        "expert_hidden_dim": 34,
        "expert_out_dim": 33,
        "expert_dropout": 0.4153160803309377,
        "cls_hidden_dim": 26,
        "lr": 0.0006620493943200383,
        "weight_decay": 0.00010457997400820389
      },
      "val_f1": 0.6746493506493507
    },
    {
      "seed": 16,
      "params": {
        "top_k": 3,
        "gate_hidden_dim": 122,
        "expert_hidden_dim": 42,
        "expert_out_dim": 51,
        "expert_dropout": 0.3850196591405312,
        "cls_hidden_dim": 26,
        "lr": 0.0006164165033842723,
        "weight_decay": 0.0009181558948054922
      },
      "val_f1": 0.7472882572494974
    },
    {
      "seed": 17,
      "params": {
        "top_k": 5,
        "gate_hidden_dim": 64,
        "expert_hidden_dim": 50,
        "expert_out_dim": 63,
        "expert_dropout": 0.4790940816964819,
        "cls_hidden_dim": 29,
        "lr": 0.0004083208874930429,
        "weight_decay": 0.0009302553475292613
      },
      "val_f1": 0.7034440277256719
    },
    {
      "seed": 18,
      "params": {
        "top_k": 3,
        "gate_hidden_dim": 95,
        "expert_hidden_dim": 23,
        "expert_out_dim": 47,