{
  "cancer": "BRCA",
  "comb": "rna",
  "seeds": 20,
  "mean_test_f1": 0.8078202251849849,
  "std_test_f1": 0.053008967628745046,
  "mean_test_bacc": 0.8096645276292336,
  "std_test_bacc": 0.05230282751738817,
  "seed_test_f1s": [
    0.8727620596779475,
    0.7920527670527672,
    0.7831253713606654,
    0.8464080795268364,
    0.9218559218559218,
    0.8104016200693402,
    0.8147491723962312,
    0.8844431244431246,
    0.7298778998778997,
    0.8611787319246321,
    0.7235838258748476,
    0.8274283717679942,
    0.7742113227827513,
    0.8543151293151292,
    0.8260437939641481,
    0.7758441558441558,
    0.7924772036474165,
    0.7394032954727244,
    0.7438384158694925,
    0.7824042409756695
  ],
  "seed_test_baccs": [
    0.8670837789661319,
    0.7968484848484849,
    0.8061140819964349,
    0.9010837789661318,
    0.9194545454545455,
    0.8349554367201426,
    0.7904242424242424,
    0.8447878787878788,
    0.7302424242424241,
    0.8627201426024955,
    0.7563030303030303,
    0.8338787878787878,
    0.7555151515151515,
    0.8504848484848486,
    0.8041212121212121,
    0.7846060606060605,
    0.7961212121212121,
    0.7301212121212122,
    0.7562424242424243,
    0.7721818181818181
  ],
  "best_params_history": [
    {
      "seed": 0,
      "params": {
        "top_k": 5,
        "gate_hidden_dim": 49,
        "expert_hidden_dim": 26,
        "expert_out_dim": 36,
        "expert_dropout": 0.5634455547202295,
        "cls_hidden_dim": 24,
        "lr": 0.0005418894263641631,
        "weight_decay": 0.0029125768790736924
      },
      "val_f1": 0.9058324420677362
    },
    {
      "seed": 1,
      "params": {
        "top_k": 2,
        "gate_hidden_dim": 47,
        "expert_hidden_dim": 45,
        "expert_out_dim": 30,
        "expert_dropout": 0.46525742243790263,
        "cls_hidden_dim": 30,
        "lr": 0.0007917345359827706,
        "weight_decay": 0.003941204995153934
      },
      "val_f1": 0.9337403337403337
    },
    {
      "seed": 2,
      "params": {
        "top_k": 2,
        "gate_hidden_dim": 102,
        "expert_hidden_dim": 32,
        "expert_out_dim": 53,
        "expert_dropout": 0.4462067122622454,
        "cls_hidden_dim": 22,
        "lr": 0.0008571676595409858,
        "weight_decay": 0.00038761574232427617
      },
      "val_f1": 0.9369630642954856
    },
    {
      "seed": 3,
      "params": {
        "top_k": 4,
        "gate_hidden_dim": 63,
        "expert_hidden_dim": 56,
        "expert_out_dim": 26,
        "expert_dropout": 0.4621000122751054,
        "cls_hidden_dim": 28,
        "lr": 0.0004910962220097508,
        "weight_decay": 0.0005717586022233743
      },
      "val_f1": 0.8811774891774892
    },
    {
      "seed": 4,
      "params": {
        "top_k": 5,
        "gate_hidden_dim": 36,
        "expert_hidden_dim": 50,
        "expert_out_dim": 44,
        "expert_dropout": 0.56096293204095,
        "cls_hidden_dim": 20,
        "lr": 0.0009856095221963401,
        "weight_decay": 0.00183051246313731
      },
      "val_f1": 0.9175720727567513
    },
    {
      "seed": 5,
      "params": {
        "top_k": 4,
        "gate_hidden_dim": 74,
        "expert_hidden_dim": 28,
        "expert_out_dim": 29,
        "expert_dropout": 0.339643509928561,
        "cls_hidden_dim": 25,
        "lr": 0.00043029795802948496,
        "weight_decay": 0.00565296184316197
      },
      "val_f1": 0.9349967292776377
    },
    {
      "seed": 6,
      "params": {
        "top_k": 4,
        "gate_hidden_dim": 39,
        "expert_hidden_dim": 28,
        "expert_out_dim": 44,
        "expert_dropout": 0.49120378542304916,
        "cls_hidden_dim": 27,
        "lr": 0.00046427979396907116,
        "weight_decay": 0.0003442429839779471
      },
      "val_f1": 0.887948717948718
    },
    {
      "seed": 7,
      "params": {
        "top_k": 4,
        "gate_hidden_dim": 56,
        "expert_hidden_dim": 55,
        "expert_out_dim": 46,
        "expert_dropout": 0.5891174744466959,
        "cls_hidden_dim": 30,
        "lr": 0.0007710296755587941,
        "weight_decay": 0.0021158961705824092
      },
      "val_f1": 0.7624935064935066
    },
    {
      "seed": 8,
      "params": {
        "top_k": 5,
        "gate_hidden_dim": 75,
        "expert_hidden_dim": 55,
        "expert_out_dim": 29,
        "expert_dropout": 0.4138525882893956,
        "cls_hidden_dim": 32,
        "lr": 0.0001708123836467461,
        "weight_decay": 0.00015477498591845933
      },
      "val_f1": 0.9272727272727274
    },
    {
      "seed": 9,
      "params": {
        "top_k": 4,
        "gate_hidden_dim": 68,
        "expert_hidden_dim": 61,
        "expert_out_dim": 23,
        "expert_dropout": 0.43367874663469713,
        "cls_hidden_dim": 22,
        "lr": 0.0004291311522973018,
        "weight_decay": 0.0001484717433945537
      },
      "val_f1": 0.8912673533363188
    },
    {
      "seed": 10,
      "params": {
        "top_k": 5,
        "gate_hidden_dim": 111,
        "expert_hidden_dim": 27,
        "expert_out_dim": 18,
        "expert_dropout": 0.4913875671974083,
        "cls_hidden_dim": 16,
        "lr": 0.0005173247608012794,
        "weight_decay": 0.004742841447573509
      },
      "val_f1": 0.9445887445887446
    },
    {
      "seed": 11,
      "params": {
        "top_k": 4,
        "gate_hidden_dim": 67,
        "expert_hidden_dim": 42,
        "expert_out_dim": 47,
        "expert_dropout": 0.4291782468660684,
        "cls_hidden_dim": 22,
        "lr": 0.00022406178064668513,
        "weight_decay": 0.000757796591493811
      },
      "val_f1": 0.9584415584415584
    },
    {
      "seed": 12,
      "params": {
        "top_k": 3,
        "gate_hidden_dim": 77,
        "expert_hidden_dim": 27,
        "expert_out_dim": 27,
        "expert_dropout": 0.5209164695229082,
        "cls_hidden_dim": 29,
        "lr": 0.0004487507961294712,
        "weight_decay": 0.00604399318592065
      },
      "val_f1": 0.9206429305672368
    },
    {
      "seed": 13,
      "params": {
        "top_k": 2,
        "gate_hidden_dim": 127,
        "expert_hidden_dim": 50,
        "expert_out_dim": 45,
        "expert_dropout": 0.30638034002354964,
        "cls_hidden_dim": 24,
        "lr": 0.0002739436788955591,
        "weight_decay": 0.00028415076019254075
      },
      "val_f1": 0.8808777429467085
    },
    {
      "seed": 14,
      "params": {
        "top_k": 5,
        "gate_hidden_dim": 47,
        "expert_hidden_dim": 26,
        "expert_out_dim": 19,
        "expert_dropout": 0.42843649290921193,
        "cls_hidden_dim": 16,
        "lr": 0.0004523090027515755,
        "weight_decay": 0.00032319037195203216
      },
      "val_f1": 0.954921630094044
    },
    {
      "seed": 15,
      "params": {
        "top_k": 4,
        "gate_hidden_dim": 100,
        "expert_hidden_dim": 37,
        "expert_out_dim": 30,
        "expert_dropout": 0.4845346112615552,
        "cls_hidden_dim": 26,
        "lr": 0.0005698865817497455,
        "weight_decay": 0.008445803271718837
      },
      "val_f1": 0.9021645021645022
    },
    {
      "seed": 16,
      "params": {
        "top_k": 4,
        "gate_hidden_dim": 128,
        "expert_hidden_dim": 34,
        "expert_out_dim": 26,
        "expert_dropout": 0.5059469984339874,
        "cls_hidden_dim": 20,
        "lr": 0.0002462018768669117,
        "weight_decay": 0.00012695541073359874
      },
      "val_f1": 0.9442966247844297
    },
    {
      "seed": 17,
      "params": {
        "top_k": 3,
        "gate_hidden_dim": 95,
        "expert_hidden_dim": 16,
        "expert_out_dim": 49,
        "expert_dropout": 0.32229479770119907,
        "cls_hidden_dim": 19,
        "lr": 0.0005935395543725861,
        "weight_decay": 0.00014517558674603532
      },
      "val_f1": 0.9325919661733615
    },
    {
      "seed": 18,
      "params": {
        "top_k": 3,
        "gate_hidden_dim": 83,
        "expert_hidden_dim": 48,
        "expert_out_dim": 47,