{
  "cancer": "BRCA",
  "comb": "cnv_met",
  "seeds": 20,
  "mean_test_f1": 0.7028357904985681,
  "std_test_f1": 0.05984080481145531,
  "mean_test_bacc": 0.7370800356506241,
  "std_test_bacc": 0.06862830249234447,
  "seed_test_f1s": [
    0.7448581973581974,
    0.7629624518429072,
    0.740575086437639,
    0.6884068207042681,
    0.8180278201330833,
    0.6485580357920784,
    0.5403693528693528,
    0.726181977415374,
    0.7019978232690096,
    0.6769271692103891,
    0.6769418965701087,
    0.6493305728088337,
    0.7000180771609342,
    0.79005994005994,
    0.6726984126984127,
    0.6923393620926828,
    0.7236504236504236,
    0.6291780470388717,
    0.7219619586393028,
    0.751672384219554
  ],
  "seed_test_baccs": [
    0.7637433155080214,
    0.7874937611408199,
    0.7953725490196079,
    0.7239928698752228,
    0.8807201426024955,
    0.6558716577540107,
    0.5585918003565062,
    0.7563422459893048,
    0.7468877005347594,
    0.7199108734402853,
    0.7281604278074866,
    0.658114081996435,
    0.76222816399287,
    0.8095008912655972,
    0.680060606060606,
    0.7248413547237076,
    0.7248413547237077,
    0.6781069518716578,
    0.8247201426024955,
    0.7620998217468806
  ],
  "best_params_history": [
    {
      "seed": 0,
      "params": {
        "top_k": 5,
        "gate_hidden_dim": 125,
        "expert_hidden_dim": 22,
        "expert_out_dim": 58,
        "expert_dropout": 0.3500931156919833,
        "cls_hidden_dim": 25,
        "lr": 0.0006444117612292033,
        "weight_decay": 0.00010768948863672473
      },
      "val_f1": 0.8078229448961156
    },
    {
      "seed": 1,
      "params": {
        "top_k": 5,
        "gate_hidden_dim": 128,
        "expert_hidden_dim": 41,
        "expert_out_dim": 46,
        "expert_dropout": 0.3106250609782728,
        "cls_hidden_dim": 31,
        "lr": 0.0006707770467562995,
        "weight_decay": 0.009462504330485096
      },
      "val_f1": 0.824731707317073
    },
    {
      "seed": 2,
      "params": {
        "top_k": 5,
        "gate_hidden_dim": 119,
        "expert_hidden_dim": 28,
        "expert_out_dim": 32,
        "expert_dropout": 0.5950923033462379,
        "cls_hidden_dim": 25,
        "lr": 0.000982747018175384,
        "weight_decay": 0.006983932794116368
      },
      "val_f1": 0.7533748443337485
    },
    {
      "seed": 3,
      "params": {
        "top_k": 4,
        "gate_hidden_dim": 62,
        "expert_hidden_dim": 53,
        "expert_out_dim": 40,
        "expert_dropout": 0.5271913091780369,
        "cls_hidden_dim": 18,
        "lr": 0.0006870295735772373,
        "weight_decay": 0.00010131740753677235
      },
      "val_f1": 0.7773291925465837
    },
    {
      "seed": 4,
      "params": {
        "top_k": 2,
        "gate_hidden_dim": 83,
        "expert_hidden_dim": 52,
        "expert_out_dim": 56,
        "expert_dropout": 0.35795820602012474,
        "cls_hidden_dim": 24,
        "lr": 0.0009937694915515402,
        "weight_decay": 0.0016008494281687527
      },
      "val_f1": 0.7273955929128342
    },
    {
      "seed": 5,
      "params": {
        "top_k": 5,
        "gate_hidden_dim": 121,
        "expert_hidden_dim": 28,
        "expert_out_dim": 42,
        "expert_dropout": 0.3589249717821898,
        "cls_hidden_dim": 21,
        "lr": 0.0008069016172343069,
        "weight_decay": 0.00010333253510744778
      },
      "val_f1": 0.816168582375479
    },
    {
      "seed": 6,
      "params": {
        "top_k": 4,
        "gate_hidden_dim": 45,
        "expert_hidden_dim": 46,
        "expert_out_dim": 51,
        "expert_dropout": 0.4834578678209945,
        "cls_hidden_dim": 25,
        "lr": 0.0005026981277798588,
        "weight_decay": 0.0001205730316089827
      },
      "val_f1": 0.7506240786240788
    },
    {
      "seed": 7,
      "params": {
        "top_k": 4,
        "gate_hidden_dim": 95,
        "expert_hidden_dim": 53,
        "expert_out_dim": 30,
        "expert_dropout": 0.46423385325045585,
        "cls_hidden_dim": 25,
        "lr": 0.0009793663111913996,
        "weight_decay": 0.0008449186413492898
      },
      "val_f1": 0.6921616161616161
    },
    {
      "seed": 8,
      "params": {
        "top_k": 3,
        "gate_hidden_dim": 79,
        "expert_hidden_dim": 44,
        "expert_out_dim": 55,
        "expert_dropout": 0.3008490741074664,
        "cls_hidden_dim": 30,
        "lr": 0.0003320903447482962,
        "weight_decay": 0.0001907776264724757
      },
      "val_f1": 0.7779743524014224
    },
    {
      "seed": 9,
      "params": {
        "top_k": 2,
        "gate_hidden_dim": 125,
        "expert_hidden_dim": 64,
        "expert_out_dim": 34,
        "expert_dropout": 0.48327988430578167,
        "cls_hidden_dim": 29,
        "lr": 0.0007849211321067592,
        "weight_decay": 0.0018827197756616763
      },
      "val_f1": 0.7488095238095237
    },
    {
      "seed": 10,
      "params": {
        "top_k": 4,
        "gate_hidden_dim": 89,
        "expert_hidden_dim": 45,
        "expert_out_dim": 42,
        "expert_dropout": 0.5922208215583721,
        "cls_hidden_dim": 27,
        "lr": 0.0009761282151766577,
        "weight_decay": 0.001101063263738036
      },
      "val_f1": 0.7648509485094851
    },
    {
      "seed": 11,
      "params": {
        "top_k": 2,
        "gate_hidden_dim": 44,
        "expert_hidden_dim": 47,
        "expert_out_dim": 45,
        "expert_dropout": 0.30080084112751215,
        "cls_hidden_dim": 24,
        "lr": 0.0006236421199501899,
        "weight_decay": 0.000679575119434772
      },
      "val_f1": 0.8446944359987839
    },
    {
      "seed": 12,
      "params": {
        "top_k": 4,
        "gate_hidden_dim": 95,
        "expert_hidden_dim": 63,
        "expert_out_dim": 53,
        "expert_dropout": 0.5889991884742748,
        "cls_hidden_dim": 26,
        "lr": 0.000933433477142959,
        "weight_decay": 0.0005912180432214499
      },
      "val_f1": 0.8689466484268127
    },
    {
      "seed": 13,
      "params": {
        "top_k": 4,
        "gate_hidden_dim": 70,
        "expert_hidden_dim": 54,
        "expert_out_dim": 46,
        "expert_dropout": 0.4619364339574222,
        "cls_hidden_dim": 31,
        "lr": 0.0007115588271141701,
        "weight_decay": 0.0006205667317606737
      },
      "val_f1": 0.7514161645768876
    },
    {
      "seed": 14,
      "params": {
        "top_k": 3,
        "gate_hidden_dim": 96,
        "expert_hidden_dim": 38,
        "expert_out_dim": 44,
        "expert_dropout": 0.43319360746792507,
        "cls_hidden_dim": 23,
        "lr": 0.0007587844936520948,
        "weight_decay": 0.00014660134852477604
      },
      "val_f1": 0.8371976796073183
    },
    {
      "seed": 15,
      "params": {
        "top_k": 3,
        "gate_hidden_dim": 89,
        "expert_hidden_dim": 53,
        "expert_out_dim": 58,
        "expert_dropout": 0.511682500829877,
        "cls_hidden_dim": 30,
        "lr": 0.00034161201865662175,
        "weight_decay": 0.003337247977735392
      },
      "val_f1": 0.7110796239778079
    },
    {
      "seed": 16,
      "params": {
        "top_k": 5,
        "gate_hidden_dim": 70,
        "expert_hidden_dim": 22,
        "expert_out_dim": 35,
        "expert_dropout": 0.41632752302889037,
        "cls_hidden_dim": 18,
        "lr": 0.0008574243271433489,
        "weight_decay": 0.00019366648439839756
      },
      "val_f1": 0.8441007528933703
    },
    {
      "seed": 17,
      "params": {
        "top_k": 2,
        "gate_hidden_dim": 108,
        "expert_hidden_dim": 57,
        "expert_out_dim": 64,
        "expert_dropout": 0.5532211554391434,
        "cls_hidden_dim": 23,
        "lr": 0.0005667793274312225,
        "weight_decay": 0.0012119074313828946
      },
      "val_f1": 0.8287832287065022
    },
    {
      "seed": 18,
      "params": {
        "top_k": 5,
        "gate_hidden_dim": 64,
        "expert_hidden_dim": 54,
        "expert_out_dim": 47,